{
  "sections": [
    {
      "a0": 1,
      "a1": -1.9073576181433682,
      "a2": 0.9096861068168739,
      "b0": 0.000582122168376451,
      "b1": 0.001164244336752902,
      "b2": 0.000582122168376451
    },
    {
      "a0": 1,
      "a1": -1.9306231883242408,
      "a2": 0.9335859183814327,
      "b0": 0.00074068251429799,
      "b1": 0.00148136502859598,
      "b2": 0.00074068251429799
    }
  ]
}
