{
  "sections": [
    {
      "a0": 1,
      "a1": -0.9690674171937933,
      "a2": 0,
      "b0": 0.015466291403103363,
      "b1": 0.015466291403103363,
      "b2": 0
    }
  ]
}
