{
  "sections": [
    {
      "a0": 1,
      "a1": -1.8648720131125436,
      "a2": 0.870827370343636,
      "b0": 0.001488839307773128,
      "b1": 0.002977678615546256,
      "b2": 0.001488839307773128
    }
  ]
}
